{
  "(-1, -1, -1, -1, -1, -1, -1, -1, -1, -1, 1, 0)": [
    15.671351505267102,
    10.163301399353086
  ],
  "(-1, -1, -1, -1, -1, -1, -1, -1, -1, -1, -1, -1)": [
    15.195250409937653,
    20.02666785996605
  ],
  "(-1, -1, -1, -1, -1, -1, -1, -1, 1, 0, 0, 1)": [
    15.933092086721054,
    13.81032722089279
  ],
  "(-1, -1, -1, -1, -1, -1, 1, 0, 0, 1, 1, 0)": [
    9.985499014966063,
    6.833333333333333
  ],
  "(-1, -1, -1, -1, 1, 0, 0, 1, 1, 0, 0, 1)": [
    5.0,
    10.095238095238095
  ],
  "(-1, -1, 1, 0, 0, 1, 1, 0, 0, 1, 1, 0)": [
    5.0,
    4.666666666666667
  ],
  "(1, 0, 0, 1, 1, 0, 0, 1, 1, 0, 1, 1)": [
    0.0,
    1.0
  ],
  "(0, 1, 1, 0, 0, 1, 1, 0, 1, 1, 1, 1)": [
    5.0,
    5.0
  ],
  "(-1, -1, -1, -1, -1, -1, 1, 0, 0, 1, 0, 0)": [
    12.818198511155167,
    12.997896280071664
  ],
  "(-1, -1, -1, -1, 1, 0, 0, 1, 0, 0, 1, 0)": [
    8.001868460388636,
    6.105263157894736
  ],
  "(-1, -1, 1, 0, 0, 1, 0, 0, 1, 0, 0, 1)": [
    8.0,
    6.533333333333334
  ],
  "(1, 0, 0, 1, 0, 0, 1, 0, 0, 1, 0, 0)": [
    3.0,
    5.0
  ],
  "(0, 1, 0, 0, 1, 0, 0, 1, 0, 0, 1, 0)": [
    5.0,
    5.0
  ],
  "(-1, -1, -1, -1, -1, -1, -1, -1, -1, -1, 0, 0)": [
    13.926022339544254,
    10.5
  ],
  "(-1, -1, -1, -1, -1, -1, -1, -1, 0, 0, 0, 0)": [
    9.5,
    11.802031300589185
  ],
  "(-1, -1, -1, -1, -1, -1, 0, 0, 0, 0, 1, 0)": [
    5.0,
    7.1811921103587775
  ],
  "(-1, -1, -1, -1, 0, 0, 0, 0, 1, 0, 0, 1)": [
    5.0,
    10.0
  ],
  "(-1, -1, 0, 0, 0, 0, 1, 0, 0, 1, 1, 0)": [
    5.0,
    6.0
  ],
  "(0, 0, 0, 0, 1, 0, 0, 1, 1, 0, 1, 1)": [
    0.0,
    5.0
  ],
  "(0, 0, 1, 0, 0, 1, 1, 0, 1, 1, 0, 1)": [
    5.0,
    5.0
  ],
  "(-1, -1, -1, -1, -1, -1, -1, -1, 0, 0, 1, 0)": [
    5.0,
    6.0
  ],
  "(-1, -1, -1, -1, -1, -1, 0, 0, 1, 0, 1, 1)": [
    5.0,
    6.0
  ],
  "(-1, -1, -1, -1, 0, 0, 1, 0, 1, 1, 1, 1)": [
    5.0,
    5.0
  ],
  "(-1, -1, 0, 0, 1, 0, 1, 1, 1, 1, 0, 1)": [
    8.0,
    5.0
  ],
  "(0, 0, 1, 0, 1, 1, 1, 1, 0, 1, 0, 0)": [
    3.0,
    5.0
  ],
  "(1, 0, 1, 1, 1, 1, 0, 1, 0, 0, 0, 0)": [
    5.0,
    5.0
  ],
  "(-1, -1, -1, -1, -1, -1, -1, -1, 1, 0, 1, 1)": [
    11.176543689741314,
    6.333333333333333
  ],
  "(-1, -1, -1, -1, -1, -1, 1, 0, 1, 1, 0, 1)": [
    5.0,
    12.202265651015649
  ],
  "(-1, -1, -1, -1, 1, 0, 1, 1, 0, 1, 1, 0)": [
    7.8125,
    6.75
  ],
  "(-1, -1, 1, 0, 1, 1, 0, 1, 1, 0, 1, 1)": [
    5.0,
    6.0
  ],
  "(1, 0, 1, 1, 0, 1, 1, 0, 1, 1, 1, 1)": [
    0.0,
    1.0
  ],
  "(1, 1, 0, 1, 1, 0, 1, 1, 1, 1, 1, 1)": [
    5.0,
    5.0
  ],
  "(-1, -1, -1, -1, 0, 0, 0, 0, 1, 0, 1, 1)": [
    5.0,
    6.117647058823529
  ],
  "(-1, -1, 0, 0, 0, 0, 1, 0, 1, 1, 1, 1)": [
    5.0,
    4.666666666666667
  ],
  "(0, 0, 0, 0, 1, 0, 1, 1, 1, 1, 1, 1)": [
    0.0,
    1.0
  ],
  "(0, 0, 1, 0, 1, 1, 1, 1, 1, 1, 1, 1)": [
    5.0,
    5.0
  ],
  "(-1, -1, 0, 0, 0, 0, 1, 0, 1, 1, 0, 1)": [
    5.0,
    10.0
  ],
  "(0, 0, 0, 0, 1, 0, 1, 1, 0, 1, 1, 0)": [
    0.0,
    5.0
  ],
  "(0, 0, 1, 0, 1, 1, 0, 1, 1, 0, 0, 1)": [
    5.0,
    5.0
  ],
  "(-1, -1, -1, -1, 1, 0, 0, 1, 0, 0, 0, 0)": [
    8.0,
    10.11111111111111
  ],
  "(-1, -1, 1, 0, 0, 1, 0, 0, 0, 0, 0, 0)": [
    5.0,
    10.0
  ],
  "(1, 0, 0, 1, 0, 0, 0, 0, 0, 0, 1, 0)": [
    0.0,
    5.0
  ],
  "(0, 1, 0, 0, 0, 0, 0, 0, 1, 0, 0, 1)": [
    5.0,
    5.0
  ],
  "(-1, -1, -1, -1, 1, 0, 0, 1, 1, 0, 1, 1)": [
    5.0,
    6.666666666666667
  ],
  "(-1, -1, 1, 0, 0, 1, 1, 0, 1, 1, 1, 1)": [
    5.0,
    6.0
  ],
  "(1, 0, 0, 1, 1, 0, 1, 1, 1, 1, 1, 1)": [
    0.0,
    1.0
  ],
  "(0, 1, 1, 0, 1, 1, 1, 1, 1, 1, 0, 1)": [
    5.0,
    5.0
  ],
  "(-1, -1, -1, -1, -1, -1, 1, 0, 1, 1, 1, 1)": [
    5.0,
    6.5
  ],
  "(-1, -1, -1, -1, 1, 0, 1, 1, 1, 1, 0, 1)": [
    8.0,
    5.0
  ],
  "(-1, -1, 1, 0, 1, 1, 1, 1, 0, 1, 0, 0)": [
    5.0,
    10.0
  ],
  "(1, 0, 1, 1, 1, 1, 0, 1, 0, 0, 1, 0)": [
    0.0,
    5.0
  ],
  "(1, 1, 1, 1, 0, 1, 0, 0, 1, 0, 0, 1)": [
    5.0,
    5.0
  ],
  "(-1, -1, 1, 0, 0, 1, 0, 0, 0, 0, 1, 0)": [
    5.0,
    4.666666666666667
  ],
  "(1, 0, 0, 1, 0, 0, 0, 0, 1, 0, 0, 1)": [
    3.0,
    5.0
  ],
  "(0, 1, 0, 0, 0, 0, 1, 0, 0, 1, 1, 0)": [
    5.0,
    5.0
  ],
  "(-1, -1, -1, -1, 1, 0, 1, 1, 1, 1, 1, 1)": [
    5.0,
    6.5
  ],
  "(-1, -1, 1, 0, 1, 1, 1, 1, 1, 1, 1, 1)": [
    5.0,
    6.0
  ],
  "(1, 0, 1, 1, 1, 1, 1, 1, 1, 1, 1, 1)": [
    0.0,
    1.0
  ],
  "(1, 1, 1, 1, 1, 1, 1, 1, 1, 1, 1, 1)": [
    5.0,
    5.0
  ],
  "(0, 1, 0, 0, 1, 0, 0, 1, 0, 0, 0, 0)": [
    5.0,
    5.0
  ],
  "(-1, -1, -1, -1, -1, -1, 0, 0, 1, 0, 0, 1)": [
    8.0,
    5.0
  ],
  "(-1, -1, -1, -1, 0, 0, 1, 0, 0, 1, 0, 0)": [
    5.0,
    10.0
  ],
  "(-1, -1, 0, 0, 1, 0, 0, 1, 0, 0, 1, 0)": [
    5.0,
    5.0
  ],
  "(0, 0, 1, 0, 0, 1, 0, 0, 1, 0, 0, 1)": [
    3.0,
    5.0
  ],
  "(0, 0, 1, 0, 1, 1, 1, 1, 1, 1, 0, 1)": [
    5.0,
    5.0
  ],
  "(1, 0, 0, 1, 1, 0, 1, 1, 1, 1, 0, 1)": [
    3.0,
    5.0
  ],
  "(0, 1, 1, 0, 1, 1, 1, 1, 0, 1, 0, 0)": [
    5.0,
    5.0
  ],
  "(1, 1, 1, 1, 1, 1, 1, 1, 1, 1, 0, 1)": [
    5.0,
    5.0
  ],
  "(-1, -1, 1, 0, 1, 1, 0, 1, 1, 0, 0, 1)": [
    8.0,
    5.0
  ],
  "(1, 0, 1, 1, 0, 1, 1, 0, 0, 1, 0, 0)": [
    3.0,
    5.0
  ],
  "(1, 1, 0, 1, 1, 0, 0, 1, 0, 0, 1, 0)": [
    5.0,
    5.0
  ],
  "(0, 1, 1, 0, 1, 1, 1, 1, 1, 1, 1, 1)": [
    5.0,
    5.0
  ],
  "(1, 1, 0, 1, 1, 0, 0, 1, 0, 0, 0, 0)": [
    5.0,
    5.0
  ],
  "(1, 0, 0, 1, 0, 0, 1, 0, 0, 1, 1, 0)": [
    0.0,
    1.0
  ],
  "(0, 1, 0, 0, 1, 0, 0, 1, 1, 0, 1, 1)": [
    5.0,
    5.0
  ],
  "(0, 1, 0, 0, 1, 0, 0, 1, 1, 0, 0, 1)": [
    5.0,
    5.0
  ],
  "(0, 0, 0, 0, 1, 0, 1, 1, 1, 1, 0, 1)": [
    3.0,
    5.0
  ],
  "(0, 0, 1, 0, 1, 1, 1, 1, 0, 1, 1, 0)": [
    5.0,
    5.0
  ],
  "(-1, -1, 1, 0, 0, 1, 0, 0, 1, 0, 1, 1)": [
    5.0,
    4.666666666666667
  ],
  "(1, 0, 0, 1, 0, 0, 1, 0, 1, 1, 1, 1)": [
    0.0,
    1.0
  ],
  "(0, 1, 0, 0, 1, 0, 1, 1, 1, 1, 0, 1)": [
    5.0,
    5.0
  ],
  "(0, 1, 1, 0, 0, 1, 1, 0, 1, 1, 0, 1)": [
    5.0,
    5.0
  ],
  "(1, 0, 0, 1, 0, 0, 0, 0, 1, 0, 1, 1)": [
    0.0,
    1.0
  ],
  "(0, 1, 0, 0, 0, 0, 1, 0, 1, 1, 0, 1)": [
    5.0,
    5.0
  ],
  "(0, 1, 0, 0, 1, 0, 1, 1, 1, 1, 1, 1)": [
    5.0,
    5.0
  ],
  "(0, 1, 0, 0, 0, 0, 1, 0, 1, 1, 1, 1)": [
    5.0,
    5.0
  ],
  "(-1, -1, -1, -1, -1, -1, 0, 0, 0, 0, 0, 0)": [
    9.5,
    5.0
  ],
  "(-1, -1, -1, -1, 0, 0, 0, 0, 0, 0, 0, 0)": [
    10.5,
    5.0
  ],
  "(-1, -1, 0, 0, 0, 0, 0, 0, 0, 0, 0, 0)": [
    5.0,
    10.0
  ],
  "(0, 0, 0, 0, 0, 0, 0, 0, 0, 0, 1, 0)": [
    0.0,
    1.0
  ],
  "(0, 0, 0, 0, 0, 0, 0, 0, 1, 0, 1, 1)": [
    5.0,
    5.0
  ],
  "(1, 0, 0, 1, 1, 0, 0, 1, 1, 0, 0, 1)": [
    3.0,
    5.0
  ],
  "(0, 1, 1, 0, 0, 1, 1, 0, 0, 1, 0, 0)": [
    5.0,
    5.0
  ],
  "(0, 1, 1, 0, 0, 1, 1, 0, 0, 1, 1, 0)": [
    5.0,
    5.0
  ],
  "(1, 0, 0, 1, 0, 0, 1, 0, 1, 1, 0, 1)": [
    3.0,
    5.0
  ],
  "(0, 1, 0, 0, 1, 0, 1, 1, 0, 1, 0, 0)": [
    5.0,
    5.0
  ],
  "(0, 1, 0, 0, 0, 0, 1, 0, 0, 1, 0, 0)": [
    5.0,
    5.0
  ],
  "(0, 1, 0, 0, 1, 0, 1, 1, 0, 1, 1, 0)": [
    5.0,
    5.0
  ],
  "(0, 0, 0, 0, 0, 0, 0, 0, 1, 0, 0, 1)": [
    5.0,
    5.0
  ],
  "(1, 1, 0, 1, 1, 0, 1, 1, 1, 1, 0, 1)": [
    5.0,
    5.0
  ]
}