{
  "(-1, -1, -1, -1, -1, -1, -1, -1, -1, -1, 1, 0)": [
    6.5,
    10.201094559646101
  ],
  "(-1, -1, -1, -1, -1, -1, -1, -1, -1, -1, -1, -1)": [
    21.10507372893743,
    13.210738913138965
  ],
  "(-1, -1, -1, -1, -1, -1, -1, -1, 1, 0, 1, 1)": [
    11.624102295274172,
    7.895833333333333
  ],
  "(-1, -1, -1, -1, -1, -1, 1, 0, 1, 1, 1, 1)": [
    8.833333333333334,
    6.0
  ],
  "(-1, -1, -1, -1, 1, 0, 1, 1, 1, 1, 0, 1)": [
    8.0,
    10.75
  ],
  "(-1, -1, 1, 0, 1, 1, 1, 1, 0, 1, 0, 0)": [
    5.0,
    10.0
  ],
  "(1, 0, 1, 1, 1, 1, 0, 1, 0, 0, 1, 0)": [
    0.0,
    5.0
  ],
  "(1, 1, 1, 1, 0, 1, 0, 0, 1, 0, 0, 1)": [
    5.0,
    5.0
  ],
  "(-1, -1, -1, -1, -1, -1, -1, -1, -1, -1, 0, 0)": [
    18.743180400257,
    12.578060827430704
  ],
  "(-1, -1, -1, -1, -1, -1, -1, -1, 0, 0, 1, 0)": [
    6.5,
    9.651519218628595
  ],
  "(-1, -1, -1, -1, -1, -1, 0, 0, 1, 0, 1, 1)": [
    10.662333579119295,
    6.0
  ],
  "(-1, -1, -1, -1, 0, 0, 1, 0, 1, 1, 1, 1)": [
    7.5,
    5.0
  ],
  "(-1, -1, 0, 0, 1, 0, 1, 1, 1, 1, 0, 1)": [
    8.0,
    10.0
  ],
  "(0, 0, 1, 0, 1, 1, 1, 1, 0, 1, 1, 0)": [
    5.0,
    1.0
  ],
  "(1, 0, 1, 1, 1, 1, 0, 1, 1, 0, 1, 1)": [
    0.0,
    1.0
  ],
  "(-1, -1, -1, -1, -1, -1, -1, -1, 0, 0, 0, 0)": [
    15.978137658383037,
    13.919490988155276
  ],
  "(-1, -1, -1, -1, -1, -1, 0, 0, 0, 0, 0, 0)": [
    13.003613556206433,
    13.015457138434332
  ],
  "(-1, -1, -1, -1, 0, 0, 0, 0, 0, 0, 0, 0)": [
    5.0,
    10.157894736842104
  ],
  "(-1, -1, 0, 0, 0, 0, 0, 0, 0, 0, 1, 0)": [
    5.0,
    4.4
  ],
  "(0, 0, 0, 0, 0, 0, 0, 0, 1, 0, 0, 1)": [
    3.0,
    5.0
  ],
  "(0, 0, 0, 0, 0, 0, 1, 0, 0, 1, 1, 0)": [
    0.0,
    1.0
  ],
  "(-1, -1, -1, -1, -1, -1, 0, 0, 1, 0, 0, 1)": [
    8.0,
    10.0
  ],
  "(-1, -1, -1, -1, 0, 0, 1, 0, 0, 1, 0, 0)": [
    8.0,
    5.0
  ],
  "(-1, -1, 0, 0, 1, 0, 0, 1, 0, 0, 0, 0)": [
    5.0,
    10.0
  ],
  "(0, 0, 1, 0, 0, 1, 0, 0, 0, 0, 1, 0)": [
    5.0,
    1.0
  ],
  "(1, 0, 0, 1, 0, 0, 0, 0, 1, 0, 1, 1)": [
    5.0,
    5.0
  ],
  "(-1, -1, -1, -1, -1, -1, 1, 0, 1, 1, 0, 1)": [
    13.08944943944944,
    10.5
  ],
  "(-1, -1, -1, -1, 1, 0, 1, 1, 0, 1, 1, 0)": [
    7.0,
    5.0
  ],
  "(-1, -1, 1, 0, 1, 1, 0, 1, 1, 0, 0, 1)": [
    8.0,
    5.0
  ],
  "(1, 0, 1, 1, 0, 1, 1, 0, 0, 1, 0, 0)": [
    3.0,
    5.0
  ],
  "(1, 1, 0, 1, 1, 0, 0, 1, 0, 0, 1, 0)": [
    5.0,
    5.0
  ],
  "(-1, -1, -1, -1, -1, -1, 0, 0, 0, 0, 1, 0)": [
    10.500801586327901,
    6.0
  ],
  "(-1, -1, -1, -1, 0, 0, 0, 0, 1, 0, 0, 1)": [
    11.11111111111111,
    10.25
  ],
  "(-1, -1, 0, 0, 0, 0, 1, 0, 0, 1, 0, 0)": [
    8.0,
    7.6
  ],
  "(0, 0, 0, 0, 1, 0, 0, 1, 0, 0, 0, 0)": [
    3.0,
    5.0
  ],
  "(-1, -1, -1, -1, -1, -1, -1, -1, 1, 0, 0, 1)": [
    9.5,
    5.0
  ],
  "(-1, -1, -1, -1, -1, -1, 1, 0, 0, 1, 0, 0)": [
    9.5,
    5.0
  ],
  "(-1, -1, -1, -1, 1, 0, 0, 1, 0, 0, 0, 0)": [
    9.5,
    5.0
  ],
  "(-1, -1, 1, 0, 0, 1, 0, 0, 0, 0, 0, 0)": [
    8.0,
    5.0
  ],
  "(1, 0, 0, 1, 0, 0, 0, 0, 0, 0, 0, 0)": [
    5.0,
    5.0
  ],
  "(0, 1, 0, 0, 0, 0, 0, 0, 0, 0, 1, 0)": [
    5.0,
    5.0
  ],
  "(-1, -1, -1, -1, 0, 0, 1, 0, 1, 1, 0, 1)": [
    10.940114647257506,
    5.0
  ],
  "(-1, -1, 0, 0, 1, 0, 1, 1, 0, 1, 0, 0)": [
    5.0,
    6.857142857142857
  ],
  "(0, 0, 1, 0, 1, 1, 0, 1, 0, 0, 1, 0)": [
    0.0,
    1.0
  ],
  "(1, 0, 1, 1, 0, 1, 0, 0, 1, 0, 1, 1)": [
    0.0,
    1.0
  ],
  "(-1, -1, -1, -1, 1, 0, 1, 1, 0, 1, 0, 0)": [
    8.0,
    10.333333333333334
  ],
  "(-1, -1, 1, 0, 1, 1, 0, 1, 0, 0, 1, 0)": [
    5.0,
    4.4
  ],
  "(1, 1, 0, 1, 0, 0, 1, 0, 1, 1, 0, 1)": [
    5.0,
    5.0
  ],
  "(-1, -1, -1, -1, 0, 0, 0, 0, 0, 0, 1, 0)": [
    8.004872646733114,
    6.125
  ],
  "(-1, -1, 0, 0, 0, 0, 0, 0, 1, 0, 0, 1)": [
    8.0,
    6.666666666666667
  ],
  "(0, 0, 0, 0, 1, 0, 0, 1, 1, 0, 1, 1)": [
    0.0,
    1.0
  ],
  "(-1, -1, 0, 0, 0, 0, 0, 0, 1, 0, 1, 1)": [
    5.0,
    4.666666666666667
  ],
  "(0, 0, 0, 0, 0, 0, 1, 0, 1, 1, 0, 1)": [
    3.0,
    5.0
  ],
  "(0, 0, 0, 0, 1, 0, 1, 1, 0, 1, 0, 0)": [
    5.0,
    5.0
  ],
  "(-1, -1, 1, 0, 1, 1, 1, 1, 0, 1, 1, 0)": [
    5.0,
    4.666666666666667
  ],
  "(1, 1, 1, 1, 0, 1, 1, 0, 1, 1, 1, 1)": [
    5.0,
    5.0
  ],
  "(0, 0, 0, 0, 0, 0, 1, 0, 1, 1, 1, 1)": [
    0.0,
    1.0
  ],
  "(0, 0, 0, 0, 1, 0, 1, 1, 1, 1, 0, 1)": [
    5.0,
    5.0
  ],
  "(-1, -1, -1, -1, 0, 0, 1, 0, 0, 1, 1, 0)": [
    5.0,
    6.0
  ],
  "(-1, -1, 0, 0, 1, 0, 0, 1, 1, 0, 1, 1)": [
    5.0,
    5.0
  ],
  "(0, 0, 1, 0, 0, 1, 1, 0, 1, 1, 0, 1)": [
    5.0,
    5.0
  ],
  "(1, 0, 0, 1, 1, 0, 1, 1, 0, 1, 1, 0)": [
    5.0,
    5.0
  ],
  "(0, 0, 0, 0, 1, 0, 0, 1, 0, 0, 1, 0)": [
    0.0,
    1.0
  ],
  "(0, 0, 1, 0, 0, 1, 0, 0, 1, 0, 0, 1)": [
    5.0,
    5.0
  ],
  "(1, 1, 1, 1, 0, 1, 1, 0, 1, 1, 0, 1)": [
    5.0,
    5.0
  ],
  "(1, 0, 1, 1, 1, 1, 0, 1, 1, 0, 0, 1)": [
    5.0,
    5.0
  ],
  "(1, 1, 1, 1, 0, 1, 1, 0, 0, 1, 1, 0)": [
    5.0,
    5.0
  ],
  "(0, 0, 0, 0, 0, 0, 0, 0, 1, 0, 1, 1)": [
    0.0,
    1.0
  ],
  "(0, 0, 0, 0, 1, 0, 1, 1, 1, 1, 1, 1)": [
    5.0,
    5.0
  ],
  "(0, 0, 0, 0, 1, 0, 0, 1, 1, 0, 0, 1)": [
    3.0,
    5.0
  ],
  "(-1, -1, 1, 0, 1, 1, 0, 1, 0, 0, 0, 0)": [
    5.0,
    10.0
  ],
  "(1, 0, 1, 1, 0, 1, 0, 0, 0, 0, 1, 0)": [
    0.0,
    5.0
  ],
  "(1, 1, 0, 1, 0, 0, 0, 0, 1, 0, 0, 1)": [
    5.0,
    5.0
  ],
  "(0, 0, 1, 0, 0, 1, 0, 0, 1, 0, 1, 1)": [
    5.0,
    5.0
  ],
  "(-1, -1, -1, -1, 0, 0, 0, 0, 1, 0, 1, 1)": [
    5.0,
    5.0
  ],
  "(-1, -1, 0, 0, 0, 0, 1, 0, 1, 1, 0, 1)": [
    5.0,
    10.0
  ],
  "(0, 0, 0, 0, 1, 0, 1, 1, 0, 1, 1, 0)": [
    5.0,
    1.0
  ],
  "(0, 0, 1, 0, 1, 1, 0, 1, 1, 0, 1, 1)": [
    5.0,
    5.0
  ],
  "(1, 1, 0, 1, 1, 0, 0, 1, 0, 0, 0, 0)": [
    5.0,
    5.0
  ],
  "(0, 0, 0, 0, 0, 0, 1, 0, 0, 1, 0, 0)": [
    3.0,
    5.0
  ],
  "(1, 0, 1, 1, 0, 1, 0, 0, 1, 0, 0, 1)": [
    3.0,
    5.0
  ],
  "(1, 1, 0, 1, 0, 0, 1, 0, 0, 1, 1, 0)": [
    5.0,
    5.0
  ],
  "(0, 0, 1, 0, 1, 1, 1, 1, 0, 1, 0, 0)": [
    3.0,
    5.0
  ],
  "(1, 0, 1, 1, 1, 1, 0, 1, 0, 0, 0, 0)": [
    5.0,
    5.0
  ],
  "(-1, -1, 0, 0, 0, 0, 1, 0, 0, 1, 1, 0)": [
    5.0,
    6.0
  ],
  "(0, 0, 1, 0, 0, 1, 1, 0, 0, 1, 1, 0)": [
    5.0,
    5.0
  ],
  "(0, 0, 1, 0, 0, 1, 1, 0, 0, 1, 0, 0)": [
    5.0,
    5.0
  ],
  "(1, 1, 0, 1, 0, 0, 1, 0, 1, 1, 1, 1)": [
    5.0,
    5.0
  ],
  "(-1, -1, -1, -1, 1, 0, 1, 1, 1, 1, 1, 1)": [
    5.0,
    5.0
  ],
  "(-1, -1, 1, 0, 1, 1, 1, 1, 1, 1, 0, 1)": [
    8.0,
    5.0
  ],
  "(1, 0, 1, 1, 1, 1, 1, 1, 0, 1, 0, 0)": [
    3.0,
    5.0
  ],
  "(1, 1, 1, 1, 1, 1, 0, 1, 0, 0, 0, 0)": [
    5.0,
    5.0
  ],
  "(1, 1, 0, 1, 0, 0, 1, 0, 0, 1, 0, 0)": [
    5.0,
    5.0
  ],
  "(0, 0, 1, 0, 0, 1, 0, 0, 0, 0, 0, 0)": [
    5.0,
    5.0
  ],
  "(0, 0, 1, 0, 0, 1, 1, 0, 1, 1, 1, 1)": [
    5.0,
    5.0
  ]
}