{
  "(-1, -1, -1, -1, 0, 0)": [
    5.0,
    11.5
  ],
  "(-1, -1, -1, -1, -1, -1)": [
    10.5,
    32.53605987699478
  ],
  "(-1, -1, 0, 0, 1, 0)": [
    9.5,
    5.0
  ],
  "(0, 0, 1, 0, 0, 0)": [
    8.892857142857142,
    5.0
  ],
  "(1, 0, 0, 0, 0, 0)": [
    5.0,
    8.0
  ],
  "(0, 0, 0, 0, 1, 0)": [
    5.0,
    10.0
  ],
  "(0, 0, 1, 0, 1, 0)": [
    5.0,
    5.0
  ],
  "(1, 0, 1, 0, 1, 0)": [
    9.104858104858105,
    19.585585390940786
  ],
  "(-1, -1, -1, -1, 1, 0)": [
    5.0,
    28.753935745359822
  ],
  "(-1, -1, 1, 0, 1, 0)": [
    12.007708333333335,
    24.34225207527287
  ],
  "(1, 0, 1, 0, 0, 0)": [
    3.0,
    9.449729437229438
  ],
  "(1, 0, 0, 0, 1, 0)": [
    8.005208333333332,
    5.0
  ]
}