{
  "(-1, -1, -1, -1, 0, 0)": [
    13.966380421190445,
    10.0
  ],
  "(-1, -1, -1, -1, -1, -1)": [
    15.600981822144325,
    21.64718835116413
  ],
  "(-1, -1, 0, 0, 1, 0)": [
    6.5984543296485265,
    5.0
  ],
  "(0, 0, 1, 0, 0, 1)": [
    5.555555555555555,
    6.413831242233327
  ],
  "(1, 0, 0, 1, 0, 0)": [
    16.088084591598495,
    10.139536298806782
  ],
  "(0, 1, 0, 0, 1, 0)": [
    5.171797579511969,
    6.152086262080143
  ],
  "(0, 0, 1, 0, 1, 1)": [
    5.724124039097318,
    1.0
  ],
  "(1, 0, 1, 1, 1, 1)": [
    9.9,
    6.0
  ],
  "(-1, -1, -1, -1, 1, 0)": [
    18.15730902159322,
    10.262905288642527
  ],
  "(-1, -1, 1, 0, 1, 1)": [
    9.873842880168311,
    8.833333333333334
  ],
  "(1, 1, 1, 1, 1, 1)": [
    5.0,
    4.666666666666667
  ],
  "(1, 1, 1, 1, 0, 1)": [
    8.0,
    12.30613425925926
  ],
  "(1, 1, 0, 1, 0, 0)": [
    3.0,
    10.166666666666668
  ],
  "(0, 1, 0, 0, 0, 0)": [
    12.366229440097687,
    12.047527356507816
  ],
  "(-1, -1, 1, 0, 0, 1)": [
    18.95217654434284,
    12.40552414589571
  ],
  "(1, 0, 1, 1, 0, 1)": [
    4.571428571428572,
    8.992000287419888
  ],
  "(1, 1, 0, 1, 1, 0)": [
    7.0,
    8.228811588076296
  ],
  "(0, 1, 1, 0, 0, 1)": [
    7.054032738095238,
    7.90824552229753
  ],
  "(1, 0, 0, 1, 1, 0)": [
    7.9621495365543735,
    5.245811088337534
  ],
  "(0, 0, 0, 0, 1, 0)": [
    1.870101790651165,
    1.8614278996883844
  ],
  "(-1, -1, 0, 0, 0, 0)": [
    8.0,
    10.182356344253614
  ],
  "(0, 1, 1, 0, 1, 1)": [
    8.540153529183687,
    1.0
  ],
  "(0, 0, 0, 0, 0, 0)": [
    8.077907237660963,
    8.167333148872059
  ]
}