{
  "(-1, -1, -1, -1, 0, 0)": [
    5.0,
    10.875
  ],
  "(-1, -1, -1, -1, -1, -1)": [
    11.875,
    16.612490088384757
  ],
  "(-1, -1, 0, 0, 1, 0)": [
    7.25,
    5.0
  ],
  "(0, 0, 1, 0, 0, 1)": [
    8.261904761904763,
    5.0
  ],
  "(1, 0, 0, 1, 0, 0)": [
    5.0,
    12.59375
  ],
  "(0, 1, 0, 0, 1, 0)": [
    7.222222222222222,
    3.5
  ],
  "(0, 0, 1, 0, 1, 1)": [
    5.0,
    1.0
  ],
  "(1, 0, 1, 1, 1, 1)": [
    10.201826422361373,
    6.5
  ],
  "(-1, -1, -1, -1, 1, 0)": [
    5.0,
    12.146269214648628
  ],
  "(-1, -1, 1, 0, 1, 1)": [
    5.0,
    11.284387267240433
  ],
  "(1, 1, 1, 1, 1, 1)": [
    7.703502768601669,
    5.0
  ],
  "(1, 1, 1, 1, 0, 1)": [
    9.2,
    10.094024146357084
  ],
  "(1, 1, 0, 1, 0, 0)": [
    5.5,
    10.209876543209877
  ],
  "(0, 1, 0, 0, 0, 0)": [
    5.0,
    5.0
  ],
  "(0, 0, 0, 0, 1, 0)": [
    5.0,
    5.0
  ],
  "(1, 1, 0, 1, 1, 0)": [
    5.0277465354085376,
    4.3684676434676435
  ],
  "(0, 1, 1, 0, 1, 1)": [
    1.0,
    1.0
  ],
  "(1, 0, 1, 1, 0, 1)": [
    5.0,
    8.0
  ],
  "(0, 1, 1, 0, 0, 1)": [
    3.0,
    5.0105263157894795
  ],
  "(1, 0, 0, 1, 1, 0)": [
    5.0,
    2.1
  ],
  "(-1, -1, 1, 0, 0, 1)": [
    5.0,
    10.0
  ]
}