{
  "(-1, -1, -1, -1, -1, -1, -1, -1, -1, -1, 0, 0)": [
    17.580872693073278,
    12.5
  ],
  "(-1, -1, -1, -1, -1, -1, -1, -1, -1, -1, -1, -1)": [
    16.93598070455858,
    32.20060256203878
  ],
  "(-1, -1, -1, -1, -1, -1, -1, -1, 0, 0, 1, 0)": [
    10.833333333333334,
    5.0
  ],
  "(-1, -1, -1, -1, -1, -1, 0, 0, 1, 0, 0, 0)": [
    12.166666666666666,
    5.0
  ],
  "(-1, -1, -1, -1, 0, 0, 1, 0, 0, 0, 0, 0)": [
    5.0,
    13.333333333333334
  ],
  "(-1, -1, 0, 0, 1, 0, 0, 0, 0, 0, 1, 0)": [
    5.0,
    10.0
  ],
  "(0, 0, 1, 0, 0, 0, 0, 0, 1, 0, 1, 0)": [
    5.0,
    5.0
  ],
  "(1, 0, 0, 0, 0, 0, 1, 0, 1, 0, 1, 0)": [
    5.0,
    5.0
  ],
  "(-1, -1, -1, -1, -1, -1, -1, -1, -1, -1, 1, 0)": [
    18.18772167230447,
    28.84573910200785
  ],
  "(-1, -1, -1, -1, -1, -1, -1, -1, 1, 0, 1, 0)": [
    17.39353918847004,
    24.655255611946494
  ],
  "(-1, -1, -1, -1, -1, -1, 1, 0, 1, 0, 1, 0)": [
    16.14132381904731,
    19.937532075795747
  ],
  "(-1, -1, -1, -1, 1, 0, 1, 0, 1, 0, 1, 0)": [
    11.894736842105264,
    14.994363021420513
  ],
  "(-1, -1, 1, 0, 1, 0, 1, 0, 1, 0, 0, 0)": [
    8.0,
    10.0
  ],
  "(1, 0, 1, 0, 1, 0, 1, 0, 0, 0, 0, 0)": [
    3.0,
    5.0
  ],
  "(1, 0, 1, 0, 1, 0, 0, 0, 0, 0, 0, 0)": [
    5.0,
    5.0
  ],
  "(-1, -1, -1, -1, -1, -1, -1, -1, 1, 0, 0, 0)": [
    10.5,
    19.185898980300117
  ],
  "(-1, -1, -1, -1, -1, -1, 1, 0, 0, 0, 0, 0)": [
    8.0,
    10.0
  ],
  "(-1, -1, -1, -1, 1, 0, 0, 0, 0, 0, 1, 0)": [
    5.0,
    10.0
  ],
  "(-1, -1, 1, 0, 0, 0, 0, 0, 1, 0, 1, 0)": [
    8.0,
    5.0
  ],
  "(1, 0, 0, 0, 0, 0, 1, 0, 1, 0, 0, 0)": [
    3.0,
    5.0
  ],
  "(0, 0, 0, 0, 1, 0, 1, 0, 0, 0, 0, 0)": [
    5.0,
    5.0
  ],
  "(-1, -1, -1, -1, 1, 0, 1, 0, 1, 0, 0, 0)": [
    10.5,
    14.590909090909092
  ],
  "(-1, -1, 1, 0, 1, 0, 1, 0, 0, 0, 1, 0)": [
    8.0,
    10.0
  ],
  "(1, 0, 1, 0, 1, 0, 0, 0, 1, 0, 0, 0)": [
    3.0,
    5.0
  ],
  "(1, 0, 1, 0, 0, 0, 1, 0, 0, 0, 1, 0)": [
    3.0,
    5.0
  ],
  "(-1, -1, 1, 0, 1, 0, 1, 0, 1, 0, 1, 0)": [
    8.0,
    10.0
  ],
  "(1, 0, 1, 0, 1, 0, 1, 0, 1, 0, 1, 0)": [
    3.0,
    5.0
  ],
  "(-1, -1, 1, 0, 1, 0, 1, 0, 0, 0, 0, 0)": [
    5.0,
    10.0
  ],
  "(1, 0, 1, 0, 1, 0, 0, 0, 0, 0, 1, 0)": [
    3.0,
    5.0
  ],
  "(1, 0, 1, 0, 0, 0, 0, 0, 1, 0, 1, 0)": [
    5.0,
    5.0
  ],
  "(-1, -1, -1, -1, 1, 0, 0, 0, 0, 0, 0, 0)": [
    5.0,
    10.0
  ],
  "(-1, -1, 1, 0, 0, 0, 0, 0, 0, 0, 1, 0)": [
    5.0,
    10.0
  ],
  "(1, 0, 0, 0, 0, 0, 0, 0, 1, 0, 1, 0)": [
    3.0,
    5.0
  ],
  "(0, 0, 0, 0, 0, 0, 1, 0, 1, 0, 0, 0)": [
    5.0,
    5.0
  ],
  "(-1, -1, -1, -1, -1, -1, 1, 0, 0, 0, 1, 0)": [
    9.5,
    16.956637879664193
  ],
  "(-1, -1, -1, -1, 1, 0, 0, 0, 1, 0, 0, 0)": [
    10.5,
    5.0
  ],
  "(-1, -1, 1, 0, 0, 0, 1, 0, 0, 0, 0, 0)": [
    5.0,
    10.0
  ],
  "(1, 0, 0, 0, 1, 0, 0, 0, 0, 0, 1, 0)": [
    3.0,
    5.0
  ],
  "(0, 0, 1, 0, 0, 0, 0, 0, 1, 0, 0, 0)": [
    5.0,
    5.0
  ],
  "(-1, -1, -1, -1, -1, -1, 1, 0, 1, 0, 0, 0)": [
    10.5,
    16.80787302164483
  ],
  "(-1, -1, -1, -1, 1, 0, 1, 0, 0, 0, 0, 0)": [
    5.0,
    11.5
  ],
  "(-1, -1, 1, 0, 1, 0, 0, 0, 0, 0, 1, 0)": [
    8.0,
    5.0
  ],
  "(1, 0, 1, 0, 0, 0, 0, 0, 1, 0, 0, 0)": [
    3.0,
    5.0
  ],
  "(1, 0, 0, 0, 0, 0, 1, 0, 0, 0, 0, 0)": [
    5.0,
    5.0
  ],
  "(-1, -1, -1, -1, -1, -1, -1, -1, 0, 0, 0, 0)": [
    9.5,
    18.465481090778713
  ],
  "(-1, -1, -1, -1, -1, -1, 0, 0, 0, 0, 1, 0)": [
    9.5,
    16.463053439615937
  ],
  "(-1, -1, -1, -1, 0, 0, 0, 0, 1, 0, 0, 0)": [
    8.0,
    10.0
  ],
  "(-1, -1, 0, 0, 0, 0, 1, 0, 0, 0, 0, 0)": [
    5.0,
    10.0
  ],
  "(0, 0, 0, 0, 1, 0, 0, 0, 0, 0, 1, 0)": [
    3.0,
    5.0
  ],
  "(-1, -1, 0, 0, 0, 0, 1, 0, 0, 0, 1, 0)": [
    5.0,
    10.0
  ],
  "(0, 0, 0, 0, 1, 0, 0, 0, 1, 0, 1, 0)": [
    5.0,
    5.0
  ],
  "(0, 0, 1, 0, 0, 0, 1, 0, 1, 0, 1, 0)": [
    5.0,
    5.0
  ],
  "(1, 0, 1, 0, 0, 0, 1, 0, 0, 0, 0, 0)": [
    5.0,
    5.0
  ],
  "(-1, -1, -1, -1, 1, 0, 0, 0, 1, 0, 1, 0)": [
    10.5,
    13.764705882352942
  ],
  "(-1, -1, 1, 0, 0, 0, 1, 0, 1, 0, 0, 0)": [
    5.0,
    10.0
  ],
  "(1, 0, 0, 0, 1, 0, 1, 0, 0, 0, 1, 0)": [
    3.0,
    5.0
  ],
  "(0, 0, 1, 0, 1, 0, 0, 0, 1, 0, 1, 0)": [
    5.0,
    5.0
  ],
  "(-1, -1, 1, 0, 0, 0, 1, 0, 1, 0, 1, 0)": [
    8.0,
    10.0
  ],
  "(1, 0, 0, 0, 1, 0, 1, 0, 1, 0, 0, 0)": [
    3.0,
    5.0
  ],
  "(0, 0, 1, 0, 1, 0, 1, 0, 0, 0, 0, 0)": [
    5.0,
    5.0
  ],
  "(-1, -1, -1, -1, -1, -1, 0, 0, 0, 0, 0, 0)": [
    10.5,
    5.0
  ],
  "(-1, -1, -1, -1, 0, 0, 0, 0, 0, 0, 0, 0)": [
    8.0,
    10.0
  ],
  "(-1, -1, 0, 0, 0, 0, 0, 0, 0, 0, 1, 0)": [
    8.0,
    5.0
  ],
  "(0, 0, 0, 0, 0, 0, 0, 0, 1, 0, 0, 0)": [
    3.0,
    5.0
  ],
  "(0, 0, 0, 0, 0, 0, 1, 0, 0, 0, 0, 0)": [
    5.0,
    5.0
  ],
  "(-1, -1, -1, -1, 0, 0, 0, 0, 1, 0, 1, 0)": [
    12.6875,
    5.0
  ],
  "(-1, -1, 0, 0, 0, 0, 1, 0, 1, 0, 0, 0)": [
    8.0,
    10.0
  ],
  "(0, 0, 0, 0, 1, 0, 1, 0, 0, 0, 1, 0)": [
    3.0,
    5.0
  ],
  "(0, 0, 1, 0, 1, 0, 1, 0, 0, 0, 1, 0)": [
    5.0,
    5.0
  ],
  "(1, 0, 1, 0, 1, 0, 0, 0, 1, 0, 1, 0)": [
    3.0,
    5.0
  ],
  "(1, 0, 1, 0, 0, 0, 1, 0, 1, 0, 1, 0)": [
    5.0,
    5.0
  ],
  "(1, 0, 1, 0, 0, 0, 1, 0, 1, 0, 0, 0)": [
    5.0,
    5.0
  ],
  "(1, 0, 1, 0, 1, 0, 1, 0, 1, 0, 0, 0)": [
    3.0,
    5.0
  ],
  "(-1, -1, -1, -1, 1, 0, 1, 0, 0, 0, 1, 0)": [
    12.772727272727273,
    5.0
  ],
  "(-1, -1, 1, 0, 1, 0, 0, 0, 1, 0, 0, 0)": [
    8.0,
    10.0
  ],
  "(1, 0, 0, 0, 1, 0, 0, 0, 1, 0, 0, 0)": [
    5.0,
    5.0
  ],
  "(1, 0, 0, 0, 1, 0, 0, 0, 1, 0, 1, 0)": [
    5.0,
    5.0
  ],
  "(0, 0, 1, 0, 1, 0, 0, 0, 1, 0, 0, 0)": [
    5.0,
    5.0
  ],
  "(1, 0, 0, 0, 0, 0, 1, 0, 0, 0, 1, 0)": [
    5.0,
    5.0
  ],
  "(-1, -1, 0, 0, 0, 0, 0, 0, 0, 0, 0, 0)": [
    5.0,
    10.0
  ],
  "(0, 0, 0, 0, 0, 0, 0, 0, 0, 0, 1, 0)": [
    3.0,
    5.0
  ],
  "(1, 0, 1, 0, 1, 0, 1, 0, 0, 0, 1, 0)": [
    3.0,
    5.0
  ],
  "(0, 0, 1, 0, 1, 0, 0, 0, 0, 0, 1, 0)": [
    5.0,
    5.0
  ],
  "(1, 0, 0, 0, 1, 0, 1, 0, 1, 0, 1, 0)": [
    3.0,
    5.0
  ],
  "(0, 0, 1, 0, 1, 0, 1, 0, 1, 0, 0, 0)": [
    5.0,
    5.0
  ],
  "(0, 0, 1, 0, 1, 0, 1, 0, 1, 0, 1, 0)": [
    5.0,
    5.0
  ]
}