{
  "(-1, -1, -1, -1, 1, 0)": [
    9.041666666666666,
    11.03513126235556
  ],
  "(-1, -1, -1, -1, -1, -1)": [
    9.5,
    15.334474991511062
  ],
  "(-1, -1, 1, 0, 1, 1)": [
    6.8032407407407405,
    10.435162321998698
  ],
  "(1, 0, 1, 1, 1, 1)": [
    7.002551112647819,
    9.50189879712648
  ],
  "(1, 1, 1, 1, 0, 1)": [
    8.152313289455428,
    8.047066771612226
  ],
  "(1, 1, 0, 1, 0, 0)": [
    3.0,
    5.037974683544303
  ],
  "(0, 1, 0, 0, 1, 0)": [
    0.0,
    1.0
  ],
  "(0, 0, 1, 0, 0, 1)": [
    5.0,
    5.0
  ],
  "(1, 1, 1, 1, 1, 1)": [
    8.344694341841812,
    7.422752762552852
  ],
  "(-1, -1, -1, -1, 0, 0)": [
    9.5,
    5.0
  ],
  "(-1, -1, 0, 0, 0, 0)": [
    10.5,
    5.0
  ],
  "(0, 0, 0, 0, 0, 0)": [
    5.0,
    10.5
  ],
  "(0, 0, 0, 0, 1, 0)": [
    5.0,
    6.0
  ],
  "(0, 0, 1, 0, 1, 1)": [
    5.0,
    9.130178571428571
  ],
  "(1, 0, 1, 1, 0, 1)": [
    5.0,
    7.280952380952381
  ],
  "(1, 1, 0, 1, 1, 0)": [
    0.0,
    2.3866666666666667
  ],
  "(-1, -1, 1, 0, 0, 1)": [
    5.0,
    10.958333333333332
  ],
  "(1, 0, 0, 1, 1, 0)": [
    5.0,
    7.316772959183673
  ],
  "(0, 1, 1, 0, 0, 1)": [
    5.0,
    10.0
  ],
  "(0, 1, 1, 0, 1, 1)": [
    7.636887755102041,
    4.944791666666667
  ],
  "(0, 1, 0, 0, 0, 0)": [
    5.0,
    5.0
  ]
}