{
  "(-1, -1, -1, -1, -1, -1, -1, -1, -1, -1, 0, 1)": [
    5.75,
    8.48474936673193
  ],
  "(-1, -1, -1, -1, -1, -1, -1, -1, -1, -1, -1, -1)": [
    7.455761247783941,
    8.929697471717192
  ],
  "(-1, -1, -1, -1, -1, -1, -1, -1, 0, 1, 1, 1)": [
    5.0,
    7.992604740498813
  ],
  "(-1, -1, -1, -1, -1, -1, 0, 1, 1, 1, 0, 1)": [
    5.0,
    5.0
  ],
  "(-1, -1, -1, -1, 0, 1, 1, 1, 0, 1, 0, 1)": [
    5.0,
    6.0
  ],
  "(-1, -1, 0, 1, 1, 1, 0, 1, 0, 1, 1, 1)": [
    5.0,
    6.0
  ],
  "(0, 1, 1, 1, 0, 1, 0, 1, 1, 1, 1, 1)": [
    5.0,
    1.0
  ],
  "(1, 1, 0, 1, 0, 1, 1, 1, 1, 1, 1, 1)": [
    5.0,
    5.0
  ],
  "(-1, -1, -1, -1, -1, -1, -1, -1, -1, -1, 1, 1)": [
    6.591698173227699,
    7.514864980357348
  ],
  "(-1, -1, -1, -1, -1, -1, -1, -1, 1, 1, 1, 1)": [
    5.801103102017263,
    5.93304111385973
  ],
  "(-1, -1, -1, -1, -1, -1, 1, 1, 1, 1, 1, 1)": [
    4.390144229905504,
    4.395424970363284
  ],
  "(-1, -1, -1, -1, 1, 1, 1, 1, 1, 1, 1, 1)": [
    3.0837763475697773,
    3.09887480366353
  ],
  "(-1, -1, 1, 1, 1, 1, 1, 1, 1, 1, 0, 1)": [
    2.142857142857143,
    2.2352941176470584
  ],
  "(1, 1, 1, 1, 1, 1, 1, 1, 0, 1, 0, 1)": [
    0.0,
    1.0
  ],
  "(1, 1, 1, 1, 1, 1, 0, 1, 0, 1, 0, 1)": [
    0.0,
    1.0
  ],
  "(-1, -1, -1, -1, -1, -1, -1, -1, 1, 1, 0, 1)": [
    6.033333333333333,
    7.455940328823512
  ],
  "(-1, -1, -1, -1, -1, -1, 1, 1, 0, 1, 0, 1)": [
    5.0,
    6.75
  ],
  "(-1, -1, -1, -1, 1, 1, 0, 1, 0, 1, 1, 1)": [
    5.0,
    6.0
  ],
  "(-1, -1, 1, 1, 0, 1, 0, 1, 1, 1, 1, 1)": [
    3.666666666666667,
    5.0
  ],
  "(1, 1, 0, 1, 0, 1, 1, 1, 1, 1, 0, 1)": [
    0.0,
    1.0
  ],
  "(0, 1, 0, 1, 1, 1, 1, 1, 0, 1, 0, 1)": [
    5.0,
    1.0
  ],
  "(-1, -1, -1, -1, 1, 1, 1, 1, 1, 1, 0, 1)": [
    3.5227870589067702,
    3.5629315908108867
  ],
  "(-1, -1, 1, 1, 1, 1, 1, 1, 0, 1, 1, 1)": [
    2.0,
    2.095238095238095
  ],
  "(1, 1, 1, 1, 1, 1, 0, 1, 1, 1, 0, 1)": [
    0.0,
    1.0
  ],
  "(1, 1, 1, 1, 0, 1, 1, 1, 0, 1, 1, 1)": [
    5.0,
    5.0
  ],
  "(-1, -1, 1, 1, 1, 1, 1, 1, 1, 1, 1, 1)": [
    1.5,
    2.0107671601615116
  ],
  "(1, 1, 1, 1, 1, 1, 1, 1, 1, 1, 1, 1)": [
    0.0,
    1.0
  ],
  "(-1, -1, 1, 1, 1, 1, 1, 1, 0, 1, 0, 1)": [
    2.3333333333333335,
    2.3809523809523814
  ],
  "(1, 1, 1, 1, 1, 1, 0, 1, 0, 1, 1, 1)": [
    0.0,
    1.0
  ],
  "(1, 1, 1, 1, 0, 1, 0, 1, 1, 1, 1, 1)": [
    0.0,
    1.0
  ],
  "(-1, -1, -1, -1, 1, 1, 0, 1, 0, 1, 0, 1)": [
    5.0,
    6.0
  ],
  "(-1, -1, 1, 1, 0, 1, 0, 1, 0, 1, 1, 1)": [
    5.0,
    6.0
  ],
  "(1, 1, 0, 1, 0, 1, 0, 1, 1, 1, 1, 1)": [
    0.0,
    5.0
  ],
  "(0, 1, 0, 1, 0, 1, 1, 1, 1, 1, 0, 1)": [
    5.0,
    5.0
  ],
  "(-1, -1, -1, -1, -1, -1, 1, 1, 0, 1, 1, 1)": [
    5.0,
    6.858624017957352
  ],
  "(-1, -1, -1, -1, 1, 1, 0, 1, 1, 1, 0, 1)": [
    5.0,
    5.0
  ],
  "(-1, -1, 1, 1, 0, 1, 1, 1, 0, 1, 0, 1)": [
    5.0,
    6.0
  ],
  "(1, 1, 0, 1, 1, 1, 0, 1, 0, 1, 1, 1)": [
    0.0,
    5.0
  ],
  "(0, 1, 1, 1, 0, 1, 0, 1, 1, 1, 0, 1)": [
    5.0,
    5.0
  ],
  "(-1, -1, -1, -1, -1, -1, 1, 1, 1, 1, 0, 1)": [
    5.796069008445538,
    5.0
  ],
  "(-1, -1, -1, -1, 1, 1, 1, 1, 0, 1, 0, 1)": [
    5.0,
    5.023214212687896
  ],
  "(-1, -1, 1, 1, 1, 1, 0, 1, 0, 1, 1, 1)": [
    2.6,
    2.5714285714285716
  ],
  "(1, 1, 1, 1, 0, 1, 0, 1, 1, 1, 0, 1)": [
    0.0,
    1.0
  ],
  "(1, 1, 0, 1, 0, 1, 1, 1, 0, 1, 0, 1)": [
    0.0,
    5.0
  ],
  "(-1, -1, -1, -1, -1, -1, -1, -1, 0, 1, 0, 1)": [
    5.0,
    6.0
  ],
  "(-1, -1, -1, -1, -1, -1, 0, 1, 0, 1, 1, 1)": [
    5.0,
    6.0
  ],
  "(-1, -1, -1, -1, 0, 1, 0, 1, 1, 1, 0, 1)": [
    5.0,
    6.0
  ],
  "(-1, -1, 0, 1, 0, 1, 1, 1, 0, 1, 0, 1)": [
    5.0,
    6.0
  ],
  "(0, 1, 0, 1, 1, 1, 0, 1, 0, 1, 1, 1)": [
    0.0,
    5.0
  ],
  "(-1, -1, 0, 1, 0, 1, 1, 1, 0, 1, 1, 1)": [
    5.0,
    6.0
  ],
  "(0, 1, 0, 1, 1, 1, 0, 1, 1, 1, 1, 1)": [
    5.0,
    1.0
  ],
  "(0, 1, 1, 1, 0, 1, 1, 1, 1, 1, 1, 1)": [
    5.0,
    5.0
  ],
  "(1, 1, 1, 1, 0, 1, 1, 1, 0, 1, 0, 1)": [
    5.0,
    5.0
  ],
  "(-1, -1, -1, -1, 1, 1, 0, 1, 1, 1, 1, 1)": [
    5.5,
    5.416117216117216
  ],
  "(-1, -1, 1, 1, 0, 1, 1, 1, 1, 1, 0, 1)": [
    5.0,
    6.0
  ],
  "(1, 1, 0, 1, 1, 1, 1, 1, 0, 1, 1, 1)": [
    0.0,
    1.0
  ],
  "(0, 1, 1, 1, 1, 1, 0, 1, 1, 1, 1, 1)": [
    5.0,
    5.0
  ],
  "(-1, -1, 1, 1, 0, 1, 1, 1, 1, 1, 1, 1)": [
    2.6,
    3.0
  ],
  "(1, 1, 0, 1, 1, 1, 1, 1, 1, 1, 0, 1)": [
    0.0,
    1.0
  ],
  "(0, 1, 1, 1, 1, 1, 1, 1, 0, 1, 0, 1)": [
    0.0,
    1.0
  ],
  "(1, 1, 1, 1, 1, 1, 1, 1, 1, 1, 0, 1)": [
    0.0,
    1.0
  ],
  "(1, 1, 0, 1, 0, 1, 1, 1, 0, 1, 1, 1)": [
    5.0,
    5.0
  ],
  "(0, 1, 0, 1, 1, 1, 1, 1, 0, 1, 1, 1)": [
    5.0,
    5.0
  ],
  "(-1, -1, -1, -1, -1, -1, 0, 1, 0, 1, 0, 1)": [
    5.0,
    5.0
  ],
  "(-1, -1, -1, -1, 0, 1, 0, 1, 0, 1, 0, 1)": [
    5.0,
    5.0
  ],
  "(-1, -1, 0, 1, 0, 1, 0, 1, 0, 1, 0, 1)": [
    5.0,
    5.0
  ],
  "(0, 1, 0, 1, 0, 1, 0, 1, 0, 1, 0, 1)": [
    5.0,
    1.0
  ],
  "(0, 1, 0, 1, 0, 1, 0, 1, 0, 1, 1, 1)": [
    5.0,
    5.0
  ],
  "(0, 1, 1, 1, 1, 1, 1, 1, 0, 1, 1, 1)": [
    0.0,
    1.0
  ],
  "(1, 1, 1, 1, 1, 1, 0, 1, 1, 1, 1, 1)": [
    0.0,
    1.0
  ],
  "(1, 1, 1, 1, 0, 1, 1, 1, 1, 1, 1, 1)": [
    5.0,
    5.0
  ],
  "(1, 1, 1, 1, 0, 1, 1, 1, 1, 1, 0, 1)": [
    5.0,
    5.0
  ],
  "(-1, -1, -1, -1, -1, -1, 0, 1, 1, 1, 1, 1)": [
    5.0,
    6.871429521215806
  ],
  "(-1, -1, -1, -1, 0, 1, 1, 1, 1, 1, 1, 1)": [
    5.083333333333334,
    5.1926040626040635
  ],
  "(-1, -1, 0, 1, 1, 1, 1, 1, 1, 1, 1, 1)": [
    2.6,
    2.8000000000000003
  ],
  "(0, 1, 1, 1, 1, 1, 1, 1, 1, 1, 1, 1)": [
    0.0,
    1.0
  ],
  "(1, 1, 1, 1, 1, 1, 1, 1, 0, 1, 1, 1)": [
    0.0,
    1.0
  ],
  "(-1, -1, 0, 1, 1, 1, 1, 1, 1, 1, 0, 1)": [
    3.666666666666667,
    3.6
  ],
  "(1, 1, 0, 1, 1, 1, 1, 1, 1, 1, 1, 1)": [
    0.0,
    1.0
  ],
  "(0, 1, 1, 1, 1, 1, 1, 1, 1, 1, 0, 1)": [
    0.0,
    1.0
  ],
  "(-1, -1, -1, -1, 0, 1, 0, 1, 1, 1, 1, 1)": [
    5.0,
    5.0
  ],
  "(-1, -1, 0, 1, 0, 1, 1, 1, 1, 1, 0, 1)": [
    5.0,
    5.0
  ],
  "(0, 1, 1, 1, 1, 1, 0, 1, 0, 1, 1, 1)": [
    5.0,
    5.0
  ],
  "(-1, -1, 1, 1, 0, 1, 0, 1, 1, 1, 0, 1)": [
    5.0,
    5.0
  ],
  "(0, 1, 0, 1, 1, 1, 0, 1, 0, 1, 0, 1)": [
    5.0,
    5.0
  ],
  "(1, 1, 1, 1, 0, 1, 0, 1, 0, 1, 0, 1)": [
    5.0,
    5.0
  ],
  "(1, 1, 1, 1, 0, 1, 0, 1, 0, 1, 1, 1)": [
    5.0,
    5.0
  ],
  "(0, 1, 1, 1, 1, 1, 0, 1, 1, 1, 0, 1)": [
    5.0,
    5.0
  ]
}