{
  "(-1, -1, -1, -1, -1, -1, -1, -1, -1, -1, 0, 0)": [
    18.448941718300322,
    12.308060409476576
  ],
  "(-1, -1, -1, -1, -1, -1, -1, -1, -1, -1, -1, -1)": [
    20.765418772153566,
    14.524125682577749
  ],
  "(-1, -1, -1, -1, -1, -1, -1, -1, 0, 0, 1, 0)": [
    6.5,
    8.03395115430568
  ],
  "(-1, -1, -1, -1, -1, -1, 0, 0, 1, 0, 0, 1)": [
    10.5,
    5.0
  ],
  "(-1, -1, -1, -1, 0, 0, 1, 0, 0, 1, 0, 0)": [
    5.0,
    10.5
  ],
  "(-1, -1, 0, 0, 1, 0, 0, 1, 0, 0, 1, 0)": [
    5.0,
    6.0
  ],
  "(0, 0, 1, 0, 0, 1, 0, 0, 1, 0, 1, 1)": [
    0.0,
    1.0
  ],
  "(1, 0, 0, 1, 0, 0, 1, 0, 1, 1, 1, 1)": [
    5.0,
    5.0
  ],
  "(-1, -1, -1, -1, -1, -1, -1, -1, -1, -1, 1, 0)": [
    12.64220471428301,
    7.395238095238095
  ],
  "(-1, -1, -1, -1, -1, -1, -1, -1, 1, 0, 1, 1)": [
    5.0,
    7.472222222222222
  ],
  "(-1, -1, -1, -1, -1, -1, 1, 0, 1, 1, 1, 1)": [
    8.75,
    6.0
  ],
  "(-1, -1, -1, -1, 1, 0, 1, 1, 1, 1, 1, 1)": [
    5.0,
    6.0
  ],
  "(-1, -1, 1, 0, 1, 1, 1, 1, 1, 1, 0, 1)": [
    8.0,
    5.0
  ],
  "(1, 0, 1, 1, 1, 1, 1, 1, 0, 1, 0, 0)": [
    3.0,
    5.0
  ],
  "(1, 1, 1, 1, 1, 1, 0, 1, 0, 0, 0, 0)": [
    5.0,
    5.0
  ],
  "(-1, -1, -1, -1, -1, -1, -1, -1, 1, 0, 0, 1)": [
    14.95879742868473,
    10.333333333333334
  ],
  "(-1, -1, -1, -1, -1, -1, 1, 0, 0, 1, 0, 0)": [
    12.979773965714367,
    10.0
  ],
  "(-1, -1, -1, -1, 1, 0, 0, 1, 0, 0, 1, 0)": [
    5.0,
    6.0
  ],
  "(-1, -1, 1, 0, 0, 1, 0, 0, 1, 0, 1, 1)": [
    5.0,
    5.0
  ],
  "(1, 0, 0, 1, 0, 0, 1, 0, 1, 1, 0, 1)": [
    3.0,
    5.0
  ],
  "(0, 1, 0, 0, 1, 0, 1, 1, 0, 1, 0, 0)": [
    5.0,
    5.0
  ],
  "(-1, -1, -1, -1, 1, 0, 1, 1, 1, 1, 0, 1)": [
    8.0,
    10.0
  ],
  "(-1, -1, 1, 0, 1, 1, 1, 1, 0, 1, 1, 0)": [
    5.0,
    6.0
  ],
  "(1, 0, 1, 1, 1, 1, 0, 1, 1, 0, 0, 1)": [
    3.0,
    5.0
  ],
  "(1, 1, 1, 1, 0, 1, 1, 0, 0, 1, 1, 0)": [
    5.0,
    5.0
  ],
  "(-1, -1, 1, 0, 1, 1, 1, 1, 1, 1, 1, 1)": [
    5.0,
    6.0
  ],
  "(1, 0, 1, 1, 1, 1, 1, 1, 1, 1, 1, 1)": [
    5.0,
    1.0
  ],
  "(1, 1, 1, 1, 1, 1, 1, 1, 1, 1, 1, 1)": [
    5.0,
    5.0
  ],
  "(-1, -1, 1, 0, 1, 1, 1, 1, 0, 1, 0, 0)": [
    5.0,
    10.0
  ],
  "(1, 0, 1, 1, 1, 1, 0, 1, 0, 0, 1, 0)": [
    5.0,
    1.0
  ],
  "(1, 1, 1, 1, 0, 1, 0, 0, 1, 0, 1, 1)": [
    5.0,
    5.0
  ],
  "(-1, -1, -1, -1, 1, 0, 0, 1, 0, 0, 0, 0)": [
    5.0,
    10.1
  ],
  "(-1, -1, 1, 0, 0, 1, 0, 0, 0, 0, 1, 0)": [
    5.0,
    4.0
  ],
  "(1, 0, 0, 1, 0, 0, 0, 0, 1, 0, 1, 1)": [
    0.0,
    1.0
  ],
  "(0, 1, 0, 0, 0, 0, 1, 0, 1, 1, 0, 1)": [
    5.0,
    5.0
  ],
  "(-1, -1, -1, -1, -1, -1, 1, 0, 0, 1, 1, 0)": [
    5.0,
    6.0
  ],
  "(-1, -1, -1, -1, 1, 0, 0, 1, 1, 0, 0, 1)": [
    8.0,
    5.0
  ],
  "(-1, -1, 1, 0, 0, 1, 1, 0, 0, 1, 0, 0)": [
    5.0,
    10.0
  ],
  "(1, 0, 0, 1, 1, 0, 0, 1, 0, 0, 1, 0)": [
    0.0,
    5.0
  ],
  "(0, 1, 1, 0, 0, 1, 0, 0, 1, 0, 0, 1)": [
    5.0,
    5.0
  ],
  "(-1, -1, -1, -1, -1, -1, 1, 0, 1, 1, 0, 1)": [
    8.0,
    5.0
  ],
  "(-1, -1, -1, -1, 1, 0, 1, 1, 0, 1, 0, 0)": [
    5.0,
    10.0
  ],
  "(-1, -1, 1, 0, 1, 1, 0, 1, 0, 0, 1, 0)": [
    5.0,
    5.0
  ],
  "(1, 0, 1, 1, 0, 1, 0, 0, 1, 0, 0, 1)": [
    3.0,
    5.0
  ],
  "(1, 1, 0, 1, 0, 0, 1, 0, 0, 1, 0, 0)": [
    5.0,
    5.0
  ],
  "(-1, -1, -1, -1, -1, -1, -1, -1, 0, 0, 0, 0)": [
    14.898450225290526,
    15.78900432684009
  ],
  "(-1, -1, -1, -1, -1, -1, 0, 0, 0, 0, 1, 0)": [
    10.935375105349094,
    7.213834602897103
  ],
  "(-1, -1, -1, -1, 0, 0, 0, 0, 1, 0, 0, 1)": [
    10.98820071325714,
    10.130434782608695
  ],
  "(-1, -1, 0, 0, 0, 0, 1, 0, 0, 1, 0, 0)": [
    8.0,
    6.296296296296297
  ],
  "(0, 0, 0, 0, 1, 0, 0, 1, 0, 0, 1, 0)": [
    0.0,
    1.0
  ],
  "(0, 0, 1, 0, 0, 1, 0, 0, 1, 0, 0, 1)": [
    5.0,
    5.0
  ],
  "(-1, -1, 0, 0, 0, 0, 1, 0, 0, 1, 1, 0)": [
    5.0,
    4.666666666666667
  ],
  "(0, 0, 0, 0, 1, 0, 0, 1, 1, 0, 1, 1)": [
    0.0,
    1.0
  ],
  "(0, 0, 1, 0, 0, 1, 1, 0, 1, 1, 1, 1)": [
    5.0,
    5.0
  ],
  "(1, 1, 1, 1, 0, 1, 1, 0, 0, 1, 0, 0)": [
    5.0,
    5.0
  ],
  "(-1, -1, -1, -1, 1, 0, 0, 1, 1, 0, 1, 1)": [
    5.0,
    6.0
  ],
  "(-1, -1, 1, 0, 0, 1, 1, 0, 1, 1, 0, 1)": [
    5.0,
    10.0
  ],
  "(1, 0, 0, 1, 1, 0, 1, 1, 0, 1, 1, 0)": [
    5.0,
    1.0
  ],
  "(0, 1, 1, 0, 1, 1, 0, 1, 1, 0, 1, 1)": [
    5.0,
    5.0
  ],
  "(-1, -1, 1, 0, 0, 1, 1, 0, 1, 1, 1, 1)": [
    5.0,
    5.0
  ],
  "(1, 0, 0, 1, 1, 0, 1, 1, 1, 1, 0, 1)": [
    3.0,
    5.0
  ],
  "(0, 1, 1, 0, 1, 1, 1, 1, 0, 1, 0, 0)": [
    5.0,
    5.0
  ],
  "(1, 0, 1, 1, 1, 1, 0, 1, 1, 0, 1, 1)": [
    5.0,
    1.0
  ],
  "(1, 1, 1, 1, 0, 1, 1, 0, 1, 1, 1, 1)": [
    5.0,
    5.0
  ],
  "(-1, -1, -1, -1, -1, -1, 0, 0, 0, 0, 0, 0)": [
    12.905638670129944,
    5.0
  ],
  "(-1, -1, -1, -1, 0, 0, 0, 0, 0, 0, 0, 0)": [
    5.0,
    10.09090909090909
  ],
  "(-1, -1, 0, 0, 0, 0, 0, 0, 0, 0, 1, 0)": [
    5.0,
    4.666666666666667
  ],
  "(0, 0, 0, 0, 0, 0, 0, 0, 1, 0, 0, 1)": [
    3.0,
    5.0
  ],
  "(0, 0, 0, 0, 0, 0, 1, 0, 0, 1, 0, 0)": [
    5.0,
    5.0
  ],
  "(-1, -1, -1, -1, 0, 0, 0, 0, 1, 0, 1, 1)": [
    5.0,
    6.2
  ],
  "(-1, -1, 0, 0, 0, 0, 1, 0, 1, 1, 0, 1)": [
    5.0,
    10.0
  ],
  "(0, 0, 0, 0, 1, 0, 1, 1, 0, 1, 1, 0)": [
    5.0,
    1.0
  ],
  "(0, 0, 1, 0, 1, 1, 0, 1, 1, 0, 1, 1)": [
    5.0,
    5.0
  ],
  "(-1, -1, 0, 0, 0, 0, 1, 0, 1, 1, 1, 1)": [
    5.0,
    4.666666666666667
  ],
  "(0, 0, 0, 0, 1, 0, 1, 1, 1, 1, 1, 1)": [
    0.0,
    1.0
  ],
  "(0, 0, 1, 0, 1, 1, 1, 1, 1, 1, 0, 1)": [
    3.0,
    5.0
  ],
  "(0, 0, 1, 0, 0, 1, 1, 0, 1, 1, 0, 1)": [
    5.0,
    5.0
  ],
  "(0, 0, 0, 0, 1, 0, 0, 1, 1, 0, 0, 1)": [
    3.0,
    5.0
  ],
  "(0, 0, 1, 0, 0, 1, 1, 0, 0, 1, 0, 0)": [
    5.0,
    5.0
  ],
  "(0, 1, 0, 0, 0, 0, 1, 0, 1, 1, 1, 1)": [
    5.0,
    5.0
  ],
  "(0, 0, 1, 0, 1, 1, 1, 1, 1, 1, 1, 1)": [
    0.0,
    1.0
  ],
  "(-1, -1, -1, -1, -1, -1, 0, 0, 1, 0, 1, 1)": [
    5.0,
    7.265494281904885
  ],
  "(-1, -1, -1, -1, 0, 0, 1, 0, 1, 1, 1, 1)": [
    5.0,
    6.15
  ],
  "(-1, -1, 0, 0, 1, 0, 1, 1, 1, 1, 1, 1)": [
    5.0,
    4.4
  ],
  "(1, 0, 1, 1, 1, 1, 1, 1, 1, 1, 0, 1)": [
    5.0,
    5.0
  ],
  "(0, 0, 1, 0, 0, 1, 1, 0, 0, 1, 1, 0)": [
    5.0,
    5.0
  ],
  "(0, 0, 0, 0, 1, 0, 1, 1, 1, 1, 0, 1)": [
    3.0,
    5.0
  ],
  "(0, 0, 1, 0, 1, 1, 1, 1, 0, 1, 1, 0)": [
    5.0,
    5.0
  ],
  "(1, 0, 1, 1, 1, 1, 1, 1, 0, 1, 1, 0)": [
    5.0,
    5.0
  ],
  "(1, 0, 0, 1, 0, 0, 0, 0, 1, 0, 0, 1)": [
    3.0,
    5.0
  ],
  "(0, 1, 0, 0, 0, 0, 1, 0, 0, 1, 1, 0)": [
    5.0,
    5.0
  ],
  "(0, 0, 0, 0, 0, 0, 1, 0, 0, 1, 1, 0)": [
    5.0,
    5.0
  ],
  "(0, 0, 0, 0, 1, 0, 0, 1, 0, 0, 0, 0)": [
    3.0,
    5.0
  ],
  "(0, 0, 1, 0, 0, 1, 0, 0, 0, 0, 0, 0)": [
    5.0,
    5.0
  ],
  "(0, 0, 1, 0, 0, 1, 0, 0, 0, 0, 1, 0)": [
    5.0,
    5.0
  ],
  "(0, 0, 0, 0, 0, 0, 0, 0, 1, 0, 1, 1)": [
    0.0,
    1.0
  ],
  "(0, 0, 0, 0, 0, 0, 1, 0, 1, 1, 0, 1)": [
    5.0,
    5.0
  ],
  "(0, 0, 0, 0, 0, 0, 1, 0, 1, 1, 1, 1)": [
    5.0,
    5.0
  ],
  "(0, 1, 0, 0, 0, 0, 1, 0, 0, 1, 0, 0)": [
    5.0,
    5.0
  ],
  "(0, 0, 1, 0, 1, 1, 1, 1, 0, 1, 0, 0)": [
    5.0,
    5.0
  ]
}