{
  "(-1, -1, -1, -1, 1, 0)": [
    15.015268429503074,
    7.333333333333333
  ],
  "(-1, -1, -1, -1, -1, -1)": [
    10.5,
    19.461355817957415
  ],
  "(-1, -1, 1, 0, 0, 1)": [
    5.0,
    15.201671710438827
  ],
  "(1, 0, 0, 1, 1, 0)": [
    10.20012391252757,
    6.935714285714286
  ],
  "(0, 1, 1, 0, 0, 1)": [
    5.166666666666666,
    10.144253594206472
  ],
  "(0, 1, 1, 0, 1, 1)": [
    6.166666666666666,
    1.0
  ],
  "(1, 0, 1, 1, 1, 1)": [
    5.0,
    6.333333333333333
  ],
  "(1, 0, 1, 1, 0, 1)": [
    8.0,
    5.0
  ],
  "(1, 1, 0, 1, 0, 0)": [
    3.0,
    5.0
  ],
  "(0, 1, 0, 0, 0, 0)": [
    5.0,
    5.0
  ],
  "(1, 0, 0, 1, 0, 0)": [
    8.0,
    5.0
  ],
  "(0, 1, 0, 0, 1, 0)": [
    5.0,
    5.0
  ],
  "(-1, -1, -1, -1, 0, 0)": [
    5.0,
    10.5
  ],
  "(-1, -1, 0, 0, 1, 0)": [
    5.0,
    6.5
  ],
  "(0, 0, 1, 0, 1, 1)": [
    5.0,
    6.5
  ],
  "(1, 1, 1, 1, 1, 1)": [
    6.875,
    4.666666666666667
  ],
  "(1, 1, 1, 1, 0, 1)": [
    3.0,
    8.333333333333334
  ],
  "(-1, -1, 1, 0, 1, 1)": [
    5.0,
    7.0
  ],
  "(1, 1, 0, 1, 1, 0)": [
    0.0,
    1.0
  ],
  "(0, 0, 0, 0, 1, 0)": [
    5.0,
    5.0
  ]
}