{
  "(-1, -1, -1, -1, 0, 1)": [
    5.0,
    6.0
  ],
  "(-1, -1, -1, -1, -1, -1)": [
    5.75,
    8.75056176064198
  ],
  "(-1, -1, 0, 1, 1, 1)": [
    5.166666666666667,
    3.0132142857142856
  ],
  "(0, 1, 1, 1, 0, 1)": [
    5.833333333333333,
    1.0
  ],
  "(1, 1, 0, 1, 0, 1)": [
    5.0,
    6.363888888888889
  ],
  "(0, 1, 0, 1, 1, 1)": [
    5.0,
    4.33402804646164
  ],
  "(0, 1, 1, 1, 1, 1)": [
    1.653409823683261,
    1.0
  ],
  "(1, 1, 1, 1, 1, 1)": [
    3.6351572622453303,
    4.842052966790164
  ],
  "(-1, -1, -1, -1, 1, 1)": [
    6.0,
    7.456743499923664
  ],
  "(-1, -1, 1, 1, 1, 1)": [
    4.598214285714286,
    6.123309074563271
  ],
  "(1, 1, 1, 1, 0, 1)": [
    0.0,
    4.038470953908907
  ],
  "(1, 1, 0, 1, 1, 1)": [
    1.6666666666666667,
    2.7559566124100625
  ],
  "(-1, -1, 1, 1, 0, 1)": [
    5.0,
    5.5
  ]
}